/,https://peacetech.group/
/contact/,https://peacetech.group/get-in-contact
/get-involved/,https://peacetech.group/peacetech-exchange
/people/,https://peacetech.group/who-we-are
/events/,https://peacetech.group/peacetech-exchange
/events/2023-09-conflict-research-society/,https://peacetech.group/peacetech-exchange
/events/2023-06-jgi-data-week/,https://peacetech.group/peacetech-exchange
/events/2023-02-technology-and-social-cohesion/,https://peacetech.group/peacetech-exchange
/events/2022-09-harnessing-technology/,https://peacetech.group/peacetech-exchange
/events/2022-07-16-peacetech-in-action/,https://peacetech.group/peacetech-exchange
/events/2022-07-16-peacetech-in-action/conflict-resolution-tools/,https://peacetech.group/peacetech-exchange
/events/2022-07-16-peacetech-in-action/future-for-peacebuilding/,https://peacetech.group/peacetech-exchange
/events/2022-07-16-peacetech-in-action/data-mapping-visualisation/,https://peacetech.group/peacetech-exchange
/events/2022-07-16-peacetech-in-action/images-from-ukraine/,https://peacetech.group/peacetech-exchange
